rxns,fluxvector
10FTHFtm,-3.97722449257584e-23
13DAMPPOX,0
2HBt2,0
34DHOXPEGOX,0
34DHPHAMT,0
34DHPHEt,1000
34DHALDD,0
34DHPLACOX_NADP,0
34DHXMANDACOX_NADP,0
3HAO,-0
3HKYNAKGAT,0
3M4HDXPAC,0
3MOX4HOXPGALDOX,0
3MOX4HOXPGALDOX_NADP,0
3MOXTYROX,0
3SALAASPm,0
3SALACBOXL_cho,0
41R1H2MAE12BOOX,0
41R2A1H12BOOX,0
42A12BOOX,0
4ABUTtm,0
4HBZCOAFm,0
4HBZFm,0
4HGLSDm,-0
4HOXPACDOX_NADP,-1000
5ADTSTSTERONEGLCte,-0
5ADTSTSTERONESULT,0
5AOPtm,1000
5HOXINOXDA,0
5HTRPVESSEC_1,0
5MTHFt,217.072325458485
A_MANASEly,0
A4GNT1g,0
A4GNT2g,0
AACTOOR,-0
AATA,0
ABUTt2rL,-0
ABUTt4_2_r,-1000
ACACT10m,-0
ACACT1m,16.5396996483725
ACACT1x,0
ACALDtm,-1000
ACALDtr,0
ACCOAgt,0
ACCOALm,0
ACCOAtr,0
ACETONEt2,-0
ACGAM6PS,7.95528767136551e-14
ACGAMK,0
ACGAMPM,0
ACGPID,-0
ACHVESSEC_1,0
ACNAMlt,0
ACNAMPH,-0
ACNML,-0.745559999998644
ACOAD10m,0
ACOAD1fm,0
ACOAD9m,0
ACONTm,1000
ACP1_FMN,0
ACRNtm,-1000
ACS2,0
ACSm,0
ACt2m,-1000
ACTLMO,28.3436670897514
ACTNMO,-0
ADEt,-0
ADK1m,-99.3122228767665
ADK3,-723.944511569819
ADK3m,999.62722
ADKd,354.635630909486
ADMDC,0
ADNCYC,0
ADNK1m,900.314997123233
ADNt,1000
ADNt4,0
ADNtl,-0
ADNtm,900.314997123233
ADPMAN,-0
ADPRIBt,-0
ADRNCPT1,0
ADRNCRNt,-1000
ADRNLPVESSEC_1,0
AG13T16g,0
AG13T17g,0
AG13T18g,0
AG13T1g,0
AG13T2g,0
AG13T3g,0
AGMTm,0
AGPAT1_1,-0
AGTim,824.340933333332
AGTix,-0
AHANDROSTANGLCte,-0
AHEXASE2ly,0
AHEXASEly,0
AKGMALtm,-999.627220000001
AKGt4_3,-1000
AKR1D,0
AKR1D2,0
ALADGLNexR,-1.36385583570842e-13
ALADGLYexR,-1000
ALAGLNexR,-1000
ALAGLYexR,-631.043561615551
ALASm,0
ALAt4,0
ALATA_L,0.372779999998786
ALCD21_D,1000
LCARS,-971.656332910249
ALCD22_D,971.656332910249
ALCD22_L,0
ALCD2x,1000
ALDD20x,0
ALDD20xm,-0
ALDD21,2.23113960000008
ALDD2xm,1000
ALDD2y,0
ALOX12,0
ALOX15,0
ALOX5,7.49499065073282e-27
ALOX52,7.49499065073282e-27
ALR2,1000
ALR3,971.656332910249
AMPDA,1000
AMY1e,46.5886256395241
AMY2e,-0
ANDRSTRNGLCte,-0
ANDRSTRNte,0
ANDRSTRNtr,-0
APRTO2,-0
ARABR,0
ARACHCPT1,0
ARACHCRNt,-1000
ARACHDt2,-1000
ARGLYSex,0
ARGNm,0
ARGtm,0
ARTFR208,254.905009414548
ASAH1,487.253317965235
ASCBOX_1,500
ASCBt,1000
ASNNm,-0
ASNt4,0
ASPDt6,-0
ASPGLUm,0
ASPt6,-0
ATPH1e,0
ATPH2e,0
ATPtm,1000
B3GALT3g,0
B3GALT41g,0
B3GALT42g,0
B3GALT43g,0
B3GALT44g,0
B3GALT5g,0
B3GNT11g,0
B3GNT12g,0
B3GNT51g,-0
BAAT1x,0
BAAT2x,0
BAAT3x,0
BAAT4x_cho,0
BACCL,0
BACCLm,-0
BALAVECSEC_1,0
BAMPPALDOX,0
BBHOX,-0
BCDO,-0
BDHm,0
BHBt,0
BHBtm,0
BHMT,-0
BILDGLCURte,0
BILGLCURt,1000
BILGLCURte,0
BILIRED,0
BILIRUBtr,-0
BPNT2,0
BTNPL,-0
BTNPLm,-0
BTNt4i,0
BZt,4.43021853568548e-23
C14STRr,-0
C160CPT1,0
C160CPT2,109.245004034806
C160CRNt,-890.754995965194
C161CPT1,0
C161CPT12,0
C161CRN2t,-1000
C161CRNt,0
C180CPT1,0
C180CRNt,1000
C181CPT1,0
C181CRNt,-1000
C204CPT1,0
C204CRNt,-1000
C226CPT1,0
C3STDH1Pr,0
C3STDH1r,0
C3STKR2r,-0
C4STMO2Pr,0
C4STMO2r,0
CAATPS_1,0
CAt7r,-1000
CBPPer,1000
CBPSam,3.35275407471595e-13
CBPter,1000
CDIPTr,-8.49827399984557
CEPTC,0
CERK,0
CHLPCTD,0
CHOLATEt2,0
CHOLATEt3,0
CHOLK,0
CHOLtu,-0
CHSTEROLSULT,0
CHSTEROLt1,-0
CHSTEROLtg,0
CHTNASE,0.248519999999548
CHTNASEe,158.768379196743
CITRtm,-1000
CITt4_2,-1000
CITtbm,0.37278
CK_cho,-0
CKc_cho,-0
CLFORtex,0
CLHCO3tex2,1000
CLI2tex,0
CLOHtex2_1,0
CLOXAtex2,0
CLPNDCPT1,-0
CLPNDCRNt,1000
CLS_hs,8.49827399984557
CMPACNAtg,-0
CO2ter,-1000
CO2tm,999.25444
COAtim,16.5396996483729
COAtp,2.23113960000008
COKECBESr,0
COQ3m,0
COQ6m,0
COUCOAFm,0
CRNt,0
CRNtim,1000
CRNtuNa,0
CRNtx,-1000
CSNAT2x,-0
CSNt,-0
CYSGLTH,-1000
CYSGLUexR,-1000
CYSGLYex,-1000
CYSt4,0
CYTD,0
CYTDn,-0
CYTDt,28.4558778399359
CYTDt4,0
CYTDtl,-0
CYTDtm,0
CYTK3,28.455877839936
CYTK4,-72.3767451946704
D_3AIBt,166.666666666666
D3AIBTm,-166.666666666666
DADNt4,120.692138657875
DAGK_hs,0
DAGt,-512.746682034766
DALAt2r,1000
DASPO1p,0
DATPtn,9.60994562874971
DCIm,0
DCK1m,-954.156848919001
DCK1n,487.253317965235
DCK2n,-487.253317965235
DCSPTN1CPT1,0
DCSPTN1CRNt,1000
DCTPtn,6.8828875541724
DCYTD,0
DCYTDn,889.49765319192
DCYTt,-64.659195727081
DEBRISOQUINEt,-0
DESAT18_10,0
DESAT18_6,0
DESAT18_12,0
DESAT18_8,0
DESAT18_9,0
DESAT20_1,0
DESAT20_2,0
DESAT24_1,0
DGAT,0
DGK2m,33.5433245928026
DGNSKm,33.5433245928026
DGSNt,0
DGSNtm,33.5433245928026
DGTPtn,7.21529559533981
DHAAt1r,-1000
DHCR242r,-0
DHCRD1,-0
DHCRD2,0
DHDPBMTm,-0
DHEASt,630.56433432976
DHEASULT,0
DHEAtr,0
DHFtm,755.451089486853
DHORD9,-0
DHPM1,65.8681387453348
DHPM2,0
DIDPtn,1000
DINt,-32.324814152532
DITPtn,-1000
D_LACt2,-1000
DLNLCGCPT1,0
DLNLCGCRNt,-1000
DLNLCGt,0
DM_ethamp_r,333.333333333333
DMNONCOACRNCPT1,-0
C110CPT2m,0
DMNONCRNt,1000
DNDPt10m,0
DNDPt11m,5.19955577900856e-15
DNDPt12m,0
DNDPt13m,0
DNDPt14m,0
DNDPt15m,0
DNDPt16m,0
DNDPt17m,0
DNDPt18m,0
DNDPt19m,0
DNDPt1m,0
DNDPt20m,0
DNDPt21m,0
DNDPt23m,0
DNDPt24m,0
DNDPt25m,0
DNDPt28m,0
DNDPt2m,0
DNDPt30m,0
DNDPt31m,0
DNDPt32m,0
DNDPt37m,9.5428808485143
DNDPt38m,0
DNDPt39m,33.5433245928025
DNDPt3m,0
DNDPt40m,0
DNDPt41m,0
DNDPt42m,0
DNDPt43m,0
DNDPt44m,0
DNDPt45m,0
DNDPt46m,0
DNDPt47m,0
DNDPt48m,0
DNDPt49m,0
DNDPt4m,0
DNDPt50m,0
DNDPt51m,0
DNDPt52m,0
DNDPt53m,0
DNDPt54m,0
DNDPt55m,0
DNDPt56m,0
DNDPt57m,0
DNDPt58m,0
DNDPt59m,0
DNDPt5m,0
DNDPt60m,0
DNDPt61m,0
DNDPt62m,0
DNDPt63m,0
DNDPt6m,0
DNDPt7m,0
DOPAMT,0
DOPAtu,1000
DOPAVESSEC_1,0
DPGase,0
DPGM,0
DRPA,1000
DTDPtn,-626.21154261325
DTTPtn,635.754423461764
DUDPtn,-889.49765319192
DURAD,-65.8681387453348
DURAD2,-0
DURIK1,0
DURIK1m,0
DURIt,-1000
DURItn,-889.49765319192
DUTPDPm,43.0862054413169
ECOAH1x,0
EICOSTETCPT1,0
EICOSTETCRNt,1000
ELAIDCPT1,0
ELAIDCRNt,1000
ELAIDt,0
ESTRADIOLGLCt,-0
ESTRADIOLtr,1000
ESTRIOLGLCte,-0
ESTRIOLtr,-0
ESTRONEGLCt,-0
ESTRONESt,-1000
ESTRONESt2,0
ESTRONEtr,-1000
ETHAK,0
ETOHMO,0
EX_34dhphe_e,-1000
EX_3aib__D_e,166.666666666666
EX_5mthf_e,-217.072325458485
EX_5thf_e,-250
EX_andrstrn_e,-0
EX_ascb__L_e,-1000
EX_atp_e,-884.977022167033
EX_bhb_e,-0
EX_chsterol_e,-333.502876785413
EX_chtn_e,-159.016899196743
EX_cmp_e,-1000
EX_dhdascb_e,1000
EX_dopa_e,-1000
EX_fuc13galacglcgal14acglcgalgluside_hs_e,-0
EX_gsn_e,1.46395414757119e-13
EX_h2o2_e,-1000
EX_hco3_e,800.138765085479
EX_hdca_e,-0
EX_idp_e,-1000
EX_imp_e,1000
EX_inost_e,-747.851151944938
EX_lac__D_e,1000
EX_leuktrC4_e,738.549074372069
EX_leuktrE4_e,-738.549074372069
EX_mthgxl_e,-0
EX_o2s_e,-1000
EX_ocdca_e,-0.1
EX_ocdcea_e,-0.0192
EX_pe_hs_e,-40.3657080517626
EX_pglyc_hs_e,-10.6224780173057
EX_prgstrn_e,-0
EX_prostge2_e,-1.71299665295599e-13
EX_ps_hs_e,-655.088033259662
EX_Rtotal_e,1000
EX_spc_hs_e,-0
EX_strch1_e,-46.5886256395241
EX_thf_e,250
EX_urate_e,-249.581071183969
EX_utp_e,-1000
EX_xolest_hs_e,318.631261768185
F1PGT,-0
FACOAL1831,0
FACOAL191,0
FACOAL206,-0
FADDP,0
FAEL183,0
FAEL184,0
FAEL204,0
FAEL205,0
FAH1,0
FAH2,0
FAH3_1,0
FAOXC11,0
FAOXC140,0
FAOXC150m,0
FAOXC160,0
FAOXC16080m,109.245004034806
FAOXC161802m,0
FAOXC16180m,0
FAOXC170m,0
FAOXC180,0
FAOXC1811601m,-0
FAOXC1811602m_1,-0
FAOXC1811603m,-0
FAOXC182806m,-0
FAOXC18280m,0
FAOXC183803m,0
FAOXC183806m,0
FAOXC18480m,0
FAOXC200180m,0
FAOXC2031836m,0
FAOXC204,-0
FAOXC204184m,0
FAOXC2051843m,0
FAOXC2242046m,0
FAOXC2251836m,0
FAOXC2252053m,0
FAOXC226,0
FAOXC226205m,0
FAOXC80,109.245004034806
FATP4t,0
FATP5t,-1000
FATP6t,0
FATP7t,0
FATP8t,-1000
FATP9t,0
FBA4,-0
FBA5,-0
FBP26,0
FCLTm,0
FDH,0
FE3R2e_1,0
FK,-0
FKYNH,0
FOLR2,0
FRUt1r,-0
FTHFDH,0
FTHFLmi,-0
FUC13GALACGLCGAL14ACGLCGALGLUSIDEte,0
FUCASE2e,0
FUCASE2ly,-0
FUCASEe,0
FUCASEly,0
FUMSO3tm,-1000
FUMSO4tm,2.92790829454455e-13
FUMtm,-833.333333333333
FUMTSULtm,-1000
FUT910g,0
FUT911g,0
FUT91g,0
FUT92g,0
FUT93g,0
FUT94g,0
FUT95g,0
FUT96g,0
FUT97g,0
FUT98g,0
FUT99g,0
G14T18g,0
G14T19g,0
G14T20g,0
G14T21g,0
G14T2g,0
G14T3g,0
G14T4g,0
G14T5g,0
G6PDH1er,0
G6PDH2er,1000
G6PPer,0
G6Pter,1.35372347338139e-13
GABAVESSEC_1,0
GAL3ST11,0
GAL3ST12,0
GALNACT1g,0
GALNACT2g,0
GALNACT3g,0
GALNACT4g,0
GALNACT5g,0
GALNTg,0
GALOR,0
GALSIDEtl,487.253317965235
GALt1r,1000
GAO1,-0
GAO1g,0
GAO2,-0
GAO2g,0
GASNASE2ly,0
GASNASE3ly,0
GASNASEly,0
GBA,-0
GBAl,-0
GCALDDm,-0
GCHOLAt,0
GCHOLAt2,0
GCNTg,0
GFUCS,0
GGH_10FTHF5GLUe,0
GGH_10FTHF5GLUl,-0
GGH_10FTHF6GLUe,0
GGH_10FTHF6GLUl,-0
GGH_10FTHF7GLUe,0
GGH_10FTHF7GLUl,-0
GGH_5DHFe,-0
GGH_5DHFl,-0
GGH_5THFe,250
GGH_5THFl,-0
GGH_6DHFe,-0
GGH_6DHFl,-0
GGH_6THFe,-0
GGH_6THFl,-0
GGH_7DHFe,-0
GGH_7DHFl,-0
GGH_7THFe,-0
GGH_7THFl,-0
GGNG,46.6133347304332
GGT5r,0
GGT6,-261.450925627931
GHMT2rm,-0
GHMT3,-0
GLACO,-0
GLBRAN,46.6133347304332
GLCAASE1ly,-0
GLCAASE4ly,-0
GLCAASE5ly,-0
GLCAASE6ly,-0
GLCAASE7ly,-0
GLCAASE8ly,-0
GLCAASE9ly,0
GLCAT2g,0
GLCAT3g,0
GLCAT4g,0
GLCAT5g,0
GLCNACASE1ly,0
GLCNACASE2ly,0
GLCNACASE3ly,0
GLCNACASE4ly,0
GLCNACASE5ly,0
GLCNACDASg,0
GLCNACT1g,0
GLCt1,1000
GLCt2_2,-1000
GLCter,1000
GLCtly,487.253317965235
GLCURtly,0
GLDBRAN,0
GLGNS1,46.6133347304332
GLPASE1,666.666666666667
GLPASE2,0
GLUCYS,0
GLUDC,0
GDHm,4.4962
GLUDym,4.4962
GLUt2m,999.999999999999
GLUt6,0
GLUTCOADHm,0
GLXO2p,0
GLXtm,824.340933333332
GLYAMDTRc,0
GLYCTO1p,0
GLYOXm,0
GLYt4,0
GLYt7_211_r,-1000
GLYtm,-1000
GLYVESSEC_1,0
GNDer,0
GNMT,0
GPIAT,-0
GPIMTer_U,0
GSNt,-1000
GSNt4,0
GSNtl,-0
GTHPi,0
GTHPe,0
GTHPm,0
GTHS,0
GTMLTe,0
GUACYC,0
GUAD,0
HCO3Em,3.35275407471595e-13
H2ETer,0
H2MTer_U,0
H2O2t,1000
H2O2tp,-2.23113960000008
H2Otly,974.506635930469
H2Otn,1000
H2Otp,0
H3ETer,0
H4ETer,0
H5MTer_U,0
H6_ETer,0
H6MTer_U,0
H7_ETer,0
H7MTer_U,0
HACD1m,0
HACD1x,0
HACD9m,-0
HAS1,0
HAS2,0
HBZOPT10m,0
HCO3_CLt,-1000
HDCAt,0
HDCEAt,0
HEX10,0
HEX4,0
HGNTOR,-0
HISDC,0
HISTAtu,0
HISTAVESSEC_1,0
HIStiDF,0
HMGCOAS,-0.7437132
HMGCOASm,-16.5396996483725
HMGCOAtm,-16.5396996483725
HMGLm,0
HMGLx,0
HOMt4,0
HPDCACRNCPT1,-0
HPDCACRNt,-1000
HPYRR2x_1,0
HSD11B1r,0
HSD17B1,-1000
HSD17B42x_1,0
HSD17B4x,0
HSD3B11,0
HSD3B13,0
Htr,-1000
Htx,2.23113960000008
HYPOE,0
ICDHyr,0
ICDHyp,0
ICDHym,-999.62722
IDHPOXOX2b,0
IDHPOXOX3,0
IDHPOXOX4,0
IDHPOXOXb,0
IDOAASE1ly,-0
IDOAASE2ly,-0
IDOAASE3ly,-0
IDOAASE4ly,0
IDOURtly,0
IDPtn,28.4558778399357
ILEt4,0
INOSTO,230.85533291025
INSt,1000
INSt4,0
INSTt2,747.851151944938
IPDDIx,0
ITPtn,971.544122160064
KCCt,1000
KHK,0
KHK2,-0
KHK3,0
KYNAKGAT,0
LACZe,-0
LAPCOAl,-0
LCADi_D,0
LCADm,-0
LCYSTCBOXL,-0
LDH_Lm,-0
LEUKTRA4t,-0
LEUKTRB4t,-0
LEUKTRC4t,-1000
LEUKTRE4t,738.549074372069
LEUKTRF4t,-0
LEUt4,0
LGNCt,-1000
L_LACDcm,0
L_LACtcm,0
LNELDCCPT1,0
LNELDCCRNt,1000
LNLCCPT1,0
LNLCCRNt,1000
LNLCt,0
LNLNCACPT1,0
LNLNCACRNt,0
LNLNCAt,0
LNLNCGCPT1,0
LNLNCGCRNt,1000
LNLNCGt,0
LNS14DM,-0
LPASE,-0
LPS,0
LPS2,0
LPS2e,0
LPS3e,0
LPS4e,0
LRAT,0
LSTO2r,0
LTC4CP,261.450925627931
LTC4Sr,0
LTD4DP,-1000
LYSt4,0
LYSt5r,1000
LYStm,0
MACACI,0
MACOXO,0
MALSO3tm,-1000
MALSO4tm,1000
MALTly,-0
MALtm,1000
MALTSULtm,1000
MALTt1r,46.5886256395241
MANt1r,-0
MAOLNOR,0
MAOX,0
MELATNOX,-0
METAT,0
METS,0
METt4,0
MI1345PP,0
MI145PP,0
MI1PS,1000
MI34PP,-0
MLTG1ly,-0
MMEm,-833.333333333333
MMMm,833.333333333333
MTAP,0
MTHFCm,3.97722449257584e-23
MTHFDm,3.9757704909946e-23
MTHGXLt,0
N3Tg,0
NABTNO,-0
NACASPAH,-0
NACHEX10ly,0
NACHEX11ly,0
NACHEX12ly,0
NACHEX13ly,0
NACHEX14ly,0
NACHEX15ly,0
NACHEX16ly,0
NACHEX17ly,0
NACHEX18ly,0
NACHEX19ly,0
NACHEX1ly,0
NACHEX20ly,0
NACHEX21ly,0
NACHEX22ly,0
NACHEX23ly,0
NACHEX24ly,0
NACHEX25ly,0
NACHEX26ly,0
NACHEX27ly,0
NACHEX2ly,0
NACHEX3ly,0
NACHEX4ly,0
NACHEX5ly,0
NACHEX6ly,0
NACHEX7ly,0
NACHEX8ly,0
NACHEX9ly,0
NACHEXA10ly,0
NACHEXA11ly,0
NACHEXA12ly,0
NACHEXA13ly,0
NACHEXA14ly,0
NACHEXA15ly,0
NACHEXA16ly,0
NACHEXA17ly,0
NACHEXA18ly,0
NACHEXA19ly,0
NACHEXA1ly,0
NACHEXA20ly,0
NACHEXA21ly,0
NACHEXA22ly,0
NACHEXA2ly,0
NACHEXA3ly,0
NACHEXA4ly,0
NACHEXA5ly,0
NACHEXA6ly,0
NACHEXA7ly,0
NACHEXA8ly,0
NACHEXA9ly,0
NADNe,-0
NADPNe,0
NAGA2ly,0
NAGAly,-0
NaKt_1,0
NAt,-1000
NAt5,-1000
NCCt,0
NCKt,1.40326827403295e-13
NCNt,-1000
NDP10ex,0
NDP3ex,-0
NDP7er,-0
NDP7ex,0
NDP7g,0
NDP8ex,0
NDPK10,-1000
NDPK10n,1000
NDPK4n,-626.21154261325
NDPK6n,-889.49765319192
NDPK9n,28.4558778399357
NH4t3r,-1000
NH4tn,-889.49765319192
NKCC2t,-1000
NKCCt,-1000
NMNATm,900.314997123233
NMNATn,0
NMNAT,-943.40120256455
NMNS,0
NNATn,0
NNMT,0
NORANMT,0
NP1,0
NRPPHRtu,0
NRPPHRVESSEC_1,0
NS26T2g,0
NS26Tg,0
NTD12,0
NTD1m,0
NTD2l,0
NTD4e,0
NTD4l,0
NTD5l,0
NTD5m,0
NTD7e,0
NTD7l,0
NTD9e,-0
NTD9l,0
NTP3e,-0
NTPP10,0
NTPP9,0
O16G1e,-0
O16G2e,46.5886256395241
O2St,-1000
O2ter,-500
O2tm,416.666666666667
OCBTm,3.35275407471595e-13
OCDCAt,0.1
OCDCEAt,0.0192
OCOAT1m,0
OPAH,-0
ORNt3m,1000
ORNt4m,-1000
ORNt,0
OXAHCOtex,0
P45017A1r,0
P45017A2r,0
P45017A3r,-0
P45017A4r,0
P45019A1r,0
P45019A2r,0
P4501B1r,0
P45027A11m,-0
P45027A12m,0
P45027A13m,0
P45027A14m,-0
P45027A15m,0
P45027A16m,0
P45027A1m,0
P4502A6,-0
P4502C18,-0
P4502C19,0
P4502C8,0
P4502C9,0
P4502C92,0
P4502C93,-0
P4502C94,0
P4502E1,0
P4502F1,-0
P45039A1r,-0
P4503A4,-0
P4503A43r,-0
P4503A5,-0
P4504B1r,0
P4504F122r,-0
P4504F81r,0
P4507A1r,0
P450LTB4r,1.55799504202607e-26
P5CDm,-0
PAFH,-0
PAIL_HStn,500
PAIL45P_HStn,-500
PCFLOPm,-0
PCHOLP_hs,525.494093034534
PCRNtm,-1000
PCt,0
PDE1,0
PDE4,0
PDX5POi,0
PDXPP,0
PEAMNO,-0
PEFLIP,0
PEFLIPm,0
PEPCK_re,0
PEPCKm,0.37278
PEROXx,0
PEt,40.3657080517626
PETHCT,0
PETOHMm_hs,0
PETOHMr_hs,0
PFK26,0
PGCD,0
PGESr,0
PGLer,1000
PGLYCt,10.6224780173057
PGPP_hs,0
PGPPT,-4.93694167175213e-25
PGS,-3.14996800598433e-27
PGSr,0
PHCDm,0
PHEt4,0
PHEtec,-1000
PI345P3P,0
PI345P3Pn,-0
PI345P5P,0
PI34P5K,0
PI3P4K,0
PI3P5K,0
PI45P3K,0
PI45P5P,0
PI45PLC,500
PI4P5K,0
PI4PLC,0
PI5P4K,0
PIK4,0
PIK5,0
PIPLC,0
PIter,1000
PItn,-1000
PLA2_2,0
PLA2_2e,0
PMI12346PH,0
PMI12346PHn,0
PPAer,0
PPAP,0
PPDOy,28.3436670897515
PPItr,-1000
PPPGOm,-0
PRDX,1000
PRDXl,0
PRGNLONESULT,0
PRGNLONEtr,0
PRGSTRNt,0
PRISTANALtx,2.23113960000008
PRISTtx,-2.23113960000008
PRODt2r,-0
PROSTGE2t,-1000
PROSTGE2t2,1000
PROSTGF2t,-0
PROt4,0
PSDm_hs,0
PSFLIP,0
PSFLIPm,0
PSSA1_hs,-650.838896259739
PSt3,655.088033259662
PTDCACRNCPT1,-0
PTDCACRNt,-1000
PTE2x,0
PTE3x,-0
PTE4x,-0
PYAM5PO,0
PYDXPP,-0
PYNP2r,176.370485553415
RAI3,-0
RBK_Dr,-0
RDH1,-1000
RDH1a,1000
RDH2,-407.165041392128
RDH2a,407.165041392128
RDH3,-1000
RDH3a,1000
RDH4,0
RIBFLVt3,0
RNMK,0
RTOTAL3CRNCPT1,-0
RTOTAL3CRNt,-0
RTOTALt,-487.253317965235
Rtotaltl,-487.253317965235
S23T2g,0
S23T4g,0
S23Tg,0
S3T3g,0
S4T1g,0
S4T2g,0
S4T3g,0
S4T6g,0
S6T18g,0
S6T19g,0
S6T20g,0
S6T21g,0
S6T24g,0
S6T25g,0
S6T3g,0
S6TASE11ly,-0
S6TASE12ly,-0
S6TASE13ly,-0
S6TASE14ly,-0
S6TASE15ly,-0
S6TASE16ly,-0
S6TASE17ly,-0
S6TASE18ly,-0
S6TASE19ly,-0
S6TASE1ly,0
S6TASE20ly,-0
S6TASE21ly,-0
S6TASE23ly,-0
S6TASE24ly,-0
S6TASE26ly,-0
S6TASE2ly,0
S6TASE3ly,0
SALMCOM,0
SARDHm,-0
SBPP1er,-0
SBPP3er,-0
SBTR,0
SERDGLNexR,-1000
SERDGLYexR,-2.05017452331629e-13
SERGLNexR,999.980000000001
SERGLYexR,-1000
SERt4,0
SGPL12r,0
SLDx,0
SMPD3g,0
SMPD3l,0
SMPD4,0
SMS,12.7466820347658
SO4CLtex2,0
SO4HCOtex,0
SO4OXAtex2,0
SOAT12,318.631261768185
SPC_HSt,-0
SPHINGStl,-487.253317965235
SPR,0
SPRMS,0
SPTix,0
SR5AR2r,0
SRTNACT,0
SRTNtu,1000
ST6GALNAC21,0
ST6GALNAC22,0
ST6GALNAC23,0
ST6GALNAC24,0
ST6GALNAC61,0
ST6GALNAC26,0
ST6GALNAC27,0
ST6GALNAC28,0
ST8SIA51g,0
ST8SIA52g,0
ST8SIA53g,0
ST8SIA54g,0
ST8SIA55g,0
ST8SIA56g,0
STRDNCCPT1,0
STRDNCCRNt,1000
SUCCtm,-1000
SUCCt4_2,-1000
SUCOAS1m,-1000
SUCOASm,-833.333333333334
SUCRe,-0
SULFOX,0
T4HCINNMFM,0
TAURt4_2_r,-1000
TAURtcx,0
TCHOLAt,0
TCHOLAt2,0
TETPENT3CPT1,0
TETPENT3CRNt,-0
TETPENT6CPT1,-0
TETPENT6CRNt,-0
TETTET6CPT1,-0
TETTET6CRNt,-0
THFtm,-782.927674541515
THMDt4,0
THRGLNexR,0
THRGLYexR,-1000
THRt4,0
THYMDt1,1000
THYMDtl,-0
THYMDtm,9.5428808485143
THYMt,0
THYOXt,-0
THYPX,0
TMABADH,-0
TMDK1m,9.5428808485143
TMNDNCCPT1,0
TMNDNCCRNt,1000
TRDR,1000
TRIODTHYt,-0
TRPHYDRO2,0
TRPO2,0
TRPt4,0
TRYPTAOX,0
TSTSTERONEGLCte,0
TSTSTERONESULT,0
TSULt4_3,-0
TTDCAtr,0
TTDCRNt,1000
TYROXDAc,0
TYRt,0
TYRt4,0
UAG2EMA,0
UDPDOLPT_L,0
UDPGALtg,0
UDPGD,0
UDPGP,0
UGALNACtg,0
UGLCNACtg,0
UGT1A2r,0
UGT1A5r2,0
UMPK6,-6.8828875541724
URAt,-1000
URATEt,750.418928816031
UREAt5,750.418928816031
UREAtm,0
URIt,176.370485553415
URIt4,0
Uritl,-0
UTPtn,402.244335226686
VALt4,0
VLCS2p,0
VLCS2r,0
VLCSp,0
VLCSr,0
XOLESTte,-318.631261768185
XYLTer,-0
XYLUR,-0
EX_4abutn_e,-1000
EX_ctp_e,1000
EX_dha_e,-0
EX_dhap_e,1000
EX_dtmp_e,-1000
EX_dttp_e,1000
EX_HC00250_e,-1000
r0013,0
r0023,-0
r0027,-516.974314567113
NDP1,0
DPCOAKm,-0
CPS_m,0
r0047,0
r0068,0
r0074,-0
ALATA_Lm,-991.007599999999
r0083,1000
r0084,0
r0093,0
r0097,0
r0113,0
NTPP2,0
PYK3,232.134621075447
GTHRDH_syn,0
GGTAe2,0
r0139,-1000
r0142,0
r0149,-1000
PYK4,0
SPTc,0
PYK2,712.34215209175
r0166,0
r0181,-1000
r0191,199.595470056985
r0193,-1000
r0196,-1000
r0202,-0
MAN1PT,0
r0210,0
r0221_1,0
DHFR2i,0
DHFRim,782.927674541515
r0239,0
ALCD19y,0
r0246,-0
r0249,-0
r0280,1000
r0283,0
r0308,0
ACOAR7m,0
r0310,0
r0311,0
r0317,-999.62722
r0319,0
r0321,0
r0340,-0
r0354,0
r0355,0
r0357,0
r0358,0
r0360,0
r0361,0
r0363,0
r0364,0
ADADir,0
r0383,-0
PYDXO_1,-0
PYDXNO,-0
r0390_1,-0
NAPRT,-0
r0393,-0
r0402,0
r0403,0
r0407,-1.53027490385044e-13
r0408,-1000
r0409,1000
r0410,0
AGPOP,33.5433245928026
r0423,0
r0424,-0
r0425,1000
r0426,999.62722
r0450,-0
DGNSK,0
r0463,-0
r0465_1,0
RNTR2,-26.3280289974628
RNTR4,-928.457916718747
r0480,-333.333333333333
r0494,-1000
r0497,-1000
r0509,833.333333333333
r0512,244.548910513146
r0514,27.4765850546614
r0517,-1000
FTHFCLm,-0
NMNDA,43.086205441317
DUTCP,-971.544122160064
SPHPL,0
r0541,0
ALDD19xr,0
r0546,0
ALDD19x_P,0
r0548,0
r0560,0
r0571,-833.333333333334
r0573,0
APNPT,0
r0579,-0
PTPATim,-0
DPCOAPP,0
r0603,0
r0610,971.544122160064
r0611,-971.544122160064
HPROx,-1000
HPROxm,-1000
HPROb,-1000
HPROym,1000
r0629,0
r0630,0
r0633,0
ACOAR5m,0
r0641,-1000
r0642,-0
r0643,-166.666666666666
r0648,0
r0649_1,0
r0650,0
r0651,0
r0652_1,0
r0655,0
r0673,-0
r0686,0
r0688,1.59671246406321e-13
ACOAR4m,0
r0739,-1000
r0741,-0
r0743,0
r0744,-0
r0752,0
r0753,0
r0754,-315.345298425272
r0755,315.345298425272
r0756,-1000
r0757,1000
5HOXINDACTOX,0
r0774,-0
r0782,0
r0786,0
SBPP1,-0
r0788,-333.333333333333
r0789,-333.333333333333
ACOAR2m,0
r0797,0
r0813,0
r0818,43.0862054413169
r0819,-1000
SUCFUMtm,-1000
r0822,999.999999999999
r0829,-1000
r0830,1000
r0834,-1000
r0835,-2.92790829454455e-13
r0836,1000
NH4tm,-8.99239999999966
r0845,0
r0879,0
r0885,-1000
r0892,-1000
r0934,0
r0940,-1000
SPMDtex2,1000
r0946,-1000
r0962,27.4765850546614
r0983,0
r0984,-0
r0993,0
r0995,-0
r1015,0
r1043,0
r1044,0
r1045,0
CHOLESTTDe,-333.502876785413
CITt2r,-1.39160527705497e-13
r1116,-884.977022167033
DUTUP,-1000
r1163,0
r1164,0
r1165,0
r1166,0
r1167,0
r1168,0
r1169,0
r1170,0
r1171,0
r1172,0
r1174,-0
r1175,-0
r1177,-0
r1179,0
r1181,-0
r1182,-0
r1183,-0
r1251,0
r1252,0
r1253,0
r1254,-0
r1255,0
r1257,0
r1259,0
r1260,0
r1262,0
PPCOAtm,0
r1374,0
r1383_1,-0
r1384,-1000
r1391,0
r1392,0
HCO3Ee,1000
PIt,1000
HISt2m,0
r1487,0
r1495,0
r1497,-0
r1498,-0
r1499,-0
r1500,-0
r1501,0
r1502,0
r1503,0
r1514,0
r1515,0
r1516,0
r1517,0
r1518,0
r1519,0
r1520,0
r1521,0
r1522,0
r1523,0
r1525,0
r1527,0
r1529,0
r1540,0
r1664,-1000
r1665,-1000
r1666,-1.14992168812012e-13
r1668,1000
r1669,-1000
r1670,-1000
r1671,-1000
r1672,0
r1673,0
r1674,0
r1675,0
r1676,0
r1677,0
r1678,0
r1679,0
r1680,0
r1681,0
r1682,0
r1683,0
r1684,0
r1685,0
r1686,0
r1687,1000
r1690,0
r1691,0
r1692,0
r1693,0
r1695,0
r1696,0
r1698,0
r1700,0
r1701,0
r1702,0
r1705,0
r1706,0
r1707,0
r1708,0
r1710,0
r1711,0
r1713,0
r1715,0
r1716,0
r1717,1000
r1720,0
r1721,0
r1722,0
r1723,0
r1725,0
r1726,0
r1728,0
r1730,0
r1731,0
r1732,0
r1733,0
r1734,0
r1735,0
r1736,0
r1737,0
r1738,0
r1739,0
r1740,0
r1741,0
r1742,0
r1743,0
r1744,0
r1745,0
r1746,0
r1747,0
r1748,0
r1749,0
r1750,0
r1751,0
r1752,0
r1753,0
r1754,0
r1755,0
r1756,0
r1757,0
r1758,0
r1759,0
r1760,0
r1761,0
r1762,0
r1763,0
r1764,0
r1765,0
r1766,0
r1767,0
r1768,0
r1769,0
r1770,0
r1771,0
r1772,0
r1773,0
r1774,0
r1775,0
r1776,0
r1777,0
r1778,0
r1779,0
r1780,0
r1781,0
r1782,0
r1783,0
r1784,0
r1785,0
r1786,0
r1787,0
r1788,0
r1789,0
r1790,0
r1791,0
r1792,0
r1796,0
r1797,0
r1798,0
r1799,0
r1800,0
r1801,0
r1803,0
r1805,0
r1806,0
r1807,0
r1808,0
r1809,0
r1810,0
r1811,0
r1812,0
r1813,0
r1814,0
r1815,0
r1816,0
r1817,0
r1818,0
r1819,0
r1820,0
r1821,0
r1822,0
r1823,0
r1824,0.0199999999995965
r1825,0
r1826,0
r1827,0
r1828,999.99
r1829,0
r1830,0
r1831,0
r1832,0
r1833,0
r1834,0
r1835,0
r1836,0
r1837,0
r1841,0
r1842,0
r1843,0
r1844,0
r1846,0
r1847,0
r1848,0
r1850,0
r1851,0
r1852,0
r1853,0
r1854,0
r1855,0
r1856,0
r1857,0
r1858,0
r1859,0
r1860,0
r1861,0
r1862,0
r1863,0
r1864,0
r1865,0
r1866,0
r1867,0
r1871,0
r1872,0
r1873,0
r1874,0
r1876,0
r1877,0
r1879,0
r1880,0
r1881,0
r1882,0
r1883,0
r1884,0
r1885,0
r1886,0
r1887,0
r1888,0
r1889,0
r1890,0
r1891,0
r1892,0
r1893,0
r1894,0
r1895,0
r1896,0
r1897,0
r1898,0
r1899,0
r1900,0
r1901,0
r1902,0
r1903,0
r1904,0
r1905,0
r1906,0
r1907,0
r1908,0
r1909,0
r1910,0
r1911,0
r1912,0
r1913,0
r1914,0
r1915,0
r1916,1000
r1917,0
r1918,0
r1919,0
r1920,0
r1921,0
r1922,0
r1923,0
r1924,0
r1925,0
r1926,0
r1928,0
r1929,0
r1930,0
r1931,0
r1932,0
r1933,0
r1934,0
r1935,0
r1936,0.01
r1937,0
r1938,0
r1939,0
r1940,0
r1941,0
r1942,0
r1943,0
r1944,0
r1945,0
r1946,1000
r1947,0
r1948,0
r1949,0
r1950,0
r1951,0
r1952,0
r1953,0
r1954,0
r1955,0
r1956,0
r1957,0
r1958,0
r1959,0
r1960,0
r1961,0
r1962,0
r1963,0
r1964,0
r1965,0
r1966,999.99
r1967,0
r1968,0
r1969,0
r1970,0
r1971,0
r1972,0
r1973,0
r1974,0
r1975,0
r1976,0
r1977,0
r1978,0
r1979,0
r1980,1000
r1981,0
r1982,0
r1983,0
r1984,0
r1985,0
r1986,0
r1987,0
r1988,0
r1989,0
r1990,0
r1991,0
r1992,1000
r1993,0
r1994,0
r1995,0
r1996,0
r1997,0
r1998,0
r1999,0
r2000,0
r2001,0
r2002,0
r2003,0
r2004,0
r2005,0
r2006,0
r2007,0
r2008,0
r2009,0
r2010,1000
r2011,1000
r2012,0
r2013,0
r2014,0
r2015,0
r2016,0
r2017,0
r2018,0
r2019,0
r2020,0
r2021,0
r2022,0
r2023,0
r2024,0
r2026,0
r2027,0
r2028,0
r2029,0
r2030,0
r2031,0
r2032,0
r2034,0
r2035,0
r2036,0
r2037,0
r2038,0
r2039,0
r2040,0
r2041,0
r2042,1000
r2043,0
r2044,0
r2045,0
r2046,0
r2047,0
r2048,0
r2049,0
r2050,0
r2051,0
r2052,0
r2053,0
r2054,0
r2055,0
r2056,0
r2057,0
r2058,0
r2059,0
r2060,0
r2061,0
r2062,0
r2063,0
r2064,0
r2065,0
r2066,0
r2067,0
r2068,0
r2069,0
r2070,0
r2071,0
r2341,261.450925627931
r2342,1000
r2343,-630.56433432976
r2344,0
r2346,-0
r2347,-0
r2352,-0
r2353,-1000
r2354,-0
r2355,-0
r2356,-0
r2357,-0
r2358,-0
r2359,-0
r2360,-0
r2361,-0
r2362,-0
r2363,-0
r2364,-0
r2365,-0
r2366,-0
r2367,-0
r2368,-0
r2369,-0
r2395,0
r2396,0
r2397,0
r2398,0
r2399,0
r2400,0
r2401,0
r2402,0
r2403,0
r2404,0
r2405,0
r2406,0
r2407,0
r2408,0
r2409,0
r2410,0
r2411,0
r2412,3.35275407471595e-13
r2413,0
r2416,0
r2419,0
r2420,0
r2425,0
CRNCARtm,1000
r2434,0
CARN160t_m,1000
CARN1819Zt_m,1000
r2437,1000
r2438,-890.754995965194
r2447,0
r2449,0
SERt2r,418.245765911675
r2472,0
G6Pt6er,0
r2497,0
r2498,0
r2499,0
r2501,0
r2502,0
r2503,0
r2505,0
r2520,1000
GNK,-1000
FACOAE180,-0.1
RE0452M,-33.5433245928026
RE0453C,635.754423461764
RE0453N,0
RE0456N,889.49765319192
RE0512M,-0
RE0512X,-0
RE0565C,0
RE0569C,0
RE0577C,0
RE0578C,0
RE0579C_1,0
ECOAR,0
RE0691C,1000
RE0830N,-1000
RE0915E,-0
RE0926E,-0
RE0935E,-0
RE0936E,-0
RE0937E,-0
RE0938E,-0
RE0944E,-0
RE0958E,-0
RE1134C,0
RE1233C,0
RE1441R_1,0
RE1447N_1,-500
RE1448N_1,-500
RE1525M,-0
RE1525X,-0
RE1526M,-0
RE1526X,-0
RE1527M,-0
RE1527X,-0
RE1530C,-1000
RE1530M,0
RE1573M,0
RE1573X,0
RE1709N,1000
RE1796M,-0
HSD3B7,0
RE1804M,0
RE1807C,-1000
RE1807M,0
RE1834C,0
RE1834M,0
RE1834X,0
RE1835C,0
RE1845C,0
BAAT5x,-0
RE1846C,-0
RE1897C,-1000
RE1898C,-1000
RE1918C,423.008998250637
RE1925C,576.991001749364
RE1933C,-1000
RE1957R_1,0
RE2069C,1.46395414817634e-13
RE2078M,-1000
RE2111M,0
RE2112C,1000
RE2112R,-0
RE2122C,1000
RE2235R,0
RE2270E,0
RE2273E,-0
RE2304E,-0
RE2349C,-0
RE2427M,0
RE2428M,0
RE2429M,-0
RE2445E,-0
RE2526C,-576.991001749363
RE2605C,500
RE2625M,0
RE2626M,0
RE2635R,0
RE2637C,0
RE2637X,0
RE2638C,0
RE2649C,0
RE2649M,0
RE2660N,1000
RE2677N_1,487.253317965235
RE2705C,-1000
RE2888C_1,249.581071183969
RE2898C,500
RE2912M,0
RE2948C,1000
RE2972M_1,0
RE2987X,-0
RE2991X,0
RE2992M,0
RE2992X,0
RE2993X,0
RE2996X,-0
RE2999M,-0
RE3000M,-0
RE3002X,-0
RE3003M,0
RE3005M,-0
RE3010C,0
RE3010M,0
RE3010X,-0
RE3011R,1.70185751401226e-26
RE3012C,0
RE3012M,-0
RE3012R,-1.28984569345902e-26
RE3014R,0
RE3015R,0
RE3036C,0
RE3041C,0
RE3076X,-2.23113960000008
RE3074X,0
RE3079X,0
RE3082X,-0
RE3095C,576.991001749363
RE3103C,0
RE3110C,0
RE3114R,0
RE3120C,0
RE3132R,0
RE3134C,-0
RE3146R,0
RE3151C,0
RE3156X,-0
RE3160R,0
RE3161C,0
RE3165C,0
RE3170C,0
RE3174C,0
RE3177M,-0
RE3178M,-0
RE3179M,-0
RE3185M,-0
RE3186M,-0
RE3224C,0
RE3225C,0
RE3226C,0
RE3241C,0
FACOAE181,-0.0192
RE3251M,0
RE3273C_1,-525.494093034534
RE3301C_1,0
RE3307C,-0
RE3346C,0
RE3346M,0
RE3432C,0
RE3432M,-0
RE3432X,-0
RE3470C,0
RE3470M,0
RE3476C,0
RE3476M,-0
RE3488R,0
RE3520E,0
RE3525C,0
RE3526C,0
RE3566C,-1.46395414817536e-13
RE3567C,-1.46395414817536e-13
RE3597C,0
RE3597M,-0
RE3597X,-0
RE3628M,0
EX_crm_hs_e,-500
EX_CE0074_e,249.581071183969
PIt8,-1000
PIt9,-1000
BIOMASS_reaction,728.965002560093
2MB2COAc,0
3HBCOARc,-0
C100CPT1,0
C101CPT1,-0
C102CPT1,-0
C10DCCACT,-0
C10DCc,0
C10OHc,-0
C120CPT1,0
C121CPT1,-0
C12OHc,-0
TTDCPT1,0
C141ACBP,-0
C141CPT1,-0
C141OHc,-0
C142ACBP,-0
C142CPT1,109.245004034806
C142OHc,-0
C14OHc,-0
C161OHc,0
C162ACBP,-0
C162OHc,-0
C16DCc,0
C16OHc,0
FA160COAabcp_1,0
C181OHc,0
C182OHc,0
C18OHc,0
ACRNtp,-0
C30CPT1,0
C40CPT1,-0
C4DCCACT,-0
C4OHc,-0
C4tcx,-0
C4tmc,890.754995965194
C50CPT1,-0
C51CPT1,0
C60CPT1,0
C6CRNtcx,-0
C6DCCACT,-0
C6DCc,-0
C80CPT1,-0
C81CPT1,-0
C8DCc,0
C9BRxtc,1000
DCATDc,0
DCSPTN1COAtxc,0
DOCO13ECOAtxc,0
DOCO13EFATP,0
DOCOSCOAtxc,0
EX_tetdec2crn_e,109.245004034806
FAOXC101C102m,-0
FAOXC101x,0
FAOXC102C101x,0
FAOXC102C103m,-0
FAOXC102m,0
FAOXC102x,0
FAOXC103C102x,0
FAOXC121x,0
FAOXC122m,0
FAOXC122x,-0
FAOXC123m,0
FAOXC123x,0
FAOXC12DCTc,0
FAOXC12DCc,-0
FAOXC15ATPx,0
FAOXC163C164Gm,-0
FAOXC163Gm,0
FAOXC163x,0
FAOXC164C163x,0
FAOXC164C165m,-0
FAOXC164m,0
FAOXC164x,0
FAOXC165C164x,0
FAOXC16Brx,0
FAOXC184m,0
FAOXC184x,0
FAOXC185m,0
FAOXC225C226m,0
FAOXC225m,0
FAOXC225x,0
FAOXC226C225x,0
FAOXC226C227m,0
FAOXC226m,0
FAOXC3DC,0
FAOXC4C4DCc,0
FAOXC5C5DCc,0
FAOXC5OHc,-0
FAOXC61m,-0
FAOXC61x,0
FAOXTC101TC102m,-0
FAOXTC122m,0
GLUTCOAACBP,-0
HDCACBP,-0
HDDACBP,-0
HDECAACBP,0
HDECEACBP,0
HEXCOAACBP,0
HEXDICOAACBP,0
HEXDICOAACBPx,0
HIVCACBP,-0
HOCDACBP,0
HOCTDACBP,0
HTDCACBP,-0
IVCOAACBP,-0
LGNCCOAtcx_1,0
NRVNCCOAtxc,0
OCD11COACPT1_1,0
OCD11CRNCACT,0
OCT11EFATP_1,0
OCTDEC2ACBP,0
OCTDECCACT,0
OCTDECCPT1,0
STCOATxc,0
STRDNCCOAtxc,0
SUBERCACT,-0
SUCCOAPET,0
SK_tetdec2coa_c,-109.245004034806
TETDEC2CRNe,109.245004034806
4OHPROIMINOtc,-0
ALAyLATthc,0
BALABETAtc,0
BALAt2r,0
GALSGLT1le,0
GLCSGLT1le,0
GLNyLATthc,0
GLYSARCNc,-0
HISyLATtc,0
HISyLATthc,0
HPETFABP1tc,0
LEUyLAThtc,0
METyLATthc,0
NACHORCTL3le,-0
OCDEAFABP1tc,0
PEHSFABPe,0
PHEyLATthc,1000
PMTCOAFABP1tc_1,0
AMPTASEPG,-0
PROIMINOtc,0
TAUBETAtc,0
TAUPAT1c,1000
VITEtl,0
3AIB_Dtm,-166.666666666666
4ABUTtcn,0
ADNt5,0
CHOLESACATc_1,-0
CHOLESTle_1,-0
CRNtp,0
CYTDt5,0
Coqe,0
DM_4abut_n,-0
DTMPKm,43.0862054413169
EX_oh1_e,-500
EX_q10_e,-0
FADDPle,-0
ACP1e,0
FOLt2,-1000
G6PDH2c,599.797735028493
GNDc,266.464401695159
GSNt5,0
INSt5,0
IPDDI,0
MTHFR3,0
NADtm,-900.314997123233
P5CR,-0
PGLc,0
PPItm,-943.40120256455
RPEc,599.797735028493
THMDt5,0
URIt5,0
DM_Lcystin_c,483.025685432887
OROTGLUt,0
PEPtr,-1000
CALAtr,-65.8681387453348
KYNATEtr,-0
QULNtr,0
CHOLPtr,333.333333333333
CYST_Ltr,-1000
DCMPtr,1000
DHAPtr,-1000
FUMtr,-833.333333333333
GLCURtr,-230.85533291025
ICITtr,0.37278
XTSNtr,1000
UDPGLCURtr,1000
IMPtr,-1000
NICRNtr,-43.086205441317
EX_cala_e,65.8681387453348
EX_cholp_e,-333.333333333333
EX_cyst__L_e,1000
EX_dcmp_e,-1000
EX_icit_e,-0.37278
EX_Lkynr_e,-0
EX_pep_e,-1000
EX_xtsn_e,-1000
EX_udpglcur_e,-1000
EX_nicrnt_e,43.086205441317
ALAPAT4te,-1000
Clt,-1000
DOPAENT4tc,-3.74040046523197e-25
FOLABCCte,0
FOLOAT1tc,-1000
FOLOAT2tc,1000
GSNt2,1000
H2OGLYAQPt,-0
LGNCFATPtc,0
PHEMEABCte,-0
PROPAT4te,-1000
PSHSABCtc,0
RETABCtc,-0
SRTNENT4tc,-1000
GCHOLAt3,0
TCHOLAt3,0
TRPt,0
CHSTEROLt,0
RETt,0
r0963,782.927674541515
ACRNte,0
PCRNte,0
LNELDCCRNte,0
ODECRNte,0
STCRNte,0
PMTCRNte,0
HDCECRNte,0
EX_lneldccrn_e,-0
EX_pmtcrn_e,-109.245004034806
EX_hdcecrn_e,-0
BGLYte,-0
DESAT14_9,0
HMCRNc,-1000
SMS1,0
SMS10,0
SMS11,0
SMS12,0
SMS16,0
SMS13,0
SMS14,0
SMS15,0
SMS2,0
SMS3,0
SMS4,0
SMS5,0
SMS6,0
SMS7,0
SMS8,0
SMS9,0
XOLEST183CEH,0
XOLEST182CEH,0
XOLEST205CEH,-0
XOLEST226CEH,-0
MAGLINL_HSe,0
MAGOLE_HSe,0
LPS5e,0
LPS6e,512.746682034766
LPS7e,0
PCHOLMYR_HSPLA2,0
PCHOLOLE_HSPLA2,0
PEOLE_HSPLA2,0
PCHOLPALME_HSPLA2,0
PCHOLPALM_HSPLA2,0
PEPALM_HSPLA2,0
PAILPALM_HSPLA2,0
PCHOLSTE_HSPLA2,0
PCHOL2LINL_HSPLA2,0
PE2LINL_HSPLA2,0
PCHOL2OLE_HSPLA2,0
PCHOL2PALM_HSPLA2,0
PCHOL2STE_HSPLA2,0
PCHOLN15_HSPLA2,0
PCHOLAR_HSPLA2,0
PCHOLN183_HSPLA2,0
PCHOLN1836_HSPLA2,0
PCHOLN19_HSPLA2,0
PCHOLN201_HSPLA2,0
PCHOLN204_HSPLA2,0
PCHOLN205_HSPLA2,0
PCHOLN224_HSPLA2,0
PCHOLN225_HSPLA2,0
PCHOLN2254_HSPLA2,0
PCHOLN226_HSPLA2,0
PEAR_HSPLA2,0
PE203_HSPLA2,0
PE226_HSPLA2,0
PE224_HSPLA2,0
PEDH203_HSPLA2,0
PEDH12_HSPLA2,0
PEDH14_HSPLA2,0
PEDH161_HSPLA2,0
PEDH13_HSPLA2,0
PEDH15_HSPLA2,0
PEDH17_HSPLA2,0
PCHOLN203_HSPLA2,0
PAILAR_HSPLA2,0
PCHOLN24_HSPLA2,0
PCHOLN261_HSPLA2,0
PCHOLN281_HSPLA2,0
PCHOLN28_HSPLA2,0
PCHOLDOC_HSPLA2,0
PCHOLDEIC_HSPLA2,0
PCHOLDET_HSPLA2,0
PCHOLHEP_HSPLA2,0
PCHOLLINL_HSPLA2,0
PELINL_HSPLA2,0
FACOAE60,-427.757065802991
GPDDACHOL,-0
ACLYSHYc,-1000
ELAIDCRNte,0
34HPLte,2.43591028894298e-23
3MOXTYRt,-576.991001749363
ACGLYtc,824.340933333332
ACGLYte,824.340933333332
ACLYSt,1000
ARACHETH,-0
C02712te,-0
C03990ATP,0
C03990t,0
C04483t1,0
C05463t1,-0
C05953tm,-1000
CE1273t1,-0
CORTSNti,-0
DIDECAETH,0
DIHOLINETH,-0
DOCOHEXETHc,-0
DOCTETETH,-0
EX_34hpl_e,2.43591028894298e-23
EX_acgly_e,824.340933333332
EX_aclys_e,1000
EX_elaidcrn_e,-0
EX_HC00900_e,-1000
EX_hmcr_e,-1000
EX_hxcoa_e,427.757065802991
EX_magste_hs_e,512.746682034766
EX_mi1p__D_e,1000
GLYACm,824.340933333332
GLYCLTt,824.340933333332
HC00900t1,-6.07721700489648e-13
HC00900t4,-999.999999999999
HEPDECETH,0
HEXDECEETH,-0
HMCRNt,-1000
HXCOAte,427.757065802991
MI1Pt,-1000
OAAt_1,-0.37278
OLEETH,-0
PELINETH,-0
PENDECAETH,0
PEPALM,-0
STEETH,0
TETDECAETH,0
TRIDECETH,-0
EX_estriol_e,-0
EX_3moxtyr_e,-576.991001749363
EX_5aop_e,-1000
EX_glyclt_e,-824.340933333332
EX_oaa_e,-0.37278
HC02195c,0
HC02196c,0
HC02220c,0
HC02197c,0
HC02198c,0
HC02195te,0
HC02196te,0
HC02194te,0
HC02220te,0
BZCOAFm,4.43021853568548e-23
BGLYFm,0
PHACCOAGLYACm,-0
EX_bgly_e,-0
EX_bz_e,-4.43021853568548e-23
GLYPROt,651.545920974835
DM_itp_n,1000
HOMOVALte,0
HDCECRNtr,0
LNELDCCRNtr,0
PMTCRNtr,109.245004034806
BGLYtm,-0
HXAt3,-427.757065802991
EX_hxa_e,-427.757065802991
TTDCEAc,-0
BZtm,4.43021853568548e-23
LHCYSTIN,1000
LHCYSTINt,-1000
EX_Lhcystin_e,-1000
MALOAAtm,0.37278
MLTHFtm,3.9757704909946e-23
MMALtm,-1000
r2514m,0
5AOPt2,1000
ARGt5r,0
SK_mi145p_c,500
ACGALtr,-0
ACNAMtr,0.745559999998644
r2444,-0
EX_acgal_e,-0
EX_acnam_e,0.745559999998644
34HPLtm,-2.43591028894298e-23
PROSTGE2t2m,1000
SK_Tyr_ggn_c,-46.6133347304332
SK_chol_c,-125.344803225205
SK_cholate_c,-1000
SK_glygn2_c,-620.053331936234
SK_nad_c,-43.0862054413173
SK_nadp_c,-1.29084876827339e-12
SK_odecoa_c,0.1192
SK_tmndnccoa_c,-254.905009414548
DXTRNt,666.666666666667
EX_dxtrn_e,666.666666666667
DHCHOLESTANATEATP,0
DHCHOLESTANATEt,0
SK_dhcholestanate_c,-1000
THCHOLSTOICATP,0
THCHOLSTOICt,0
XOL7AH3ATP,0
XOL7AH3t,0
SK_xol7ah3_c,1000
XOL7AONEATP,0
XOL7AONEt,0
XOLDIOLONEATP,-0
7KILTCHOLATP,0
7KILTCHOLt,0
SK_dchac_c,1000
EX_glcn_e,1000
ACACT1r,0.7437132
ACCOAL,0
ACONT,-0.37278
ACS,0
ADK1,-1000
ADNt2,-1000
ARGN,0
ASP1DC,0
BPNT,-0
CO2t,-1000
CPPPGO,-0
CTPS1,0
CTPS2,0
CYSTGL,0
CYSTS,1000
CYTDt2,-1000
DHFR,-1000
DHPR,0
DMATT,0
DPCOAK,0
DURIPP,889.49765319192
ENO,1000
EX_cytd_e,971.544122160064
EX_dad_2_e,-120.692138657875
EX_dcyt_e,64.659195727081
EX_din_e,32.324814152532
EX_duri_e,1000
EX_fum_e,833.333333333333
EX_gal_e,-0
EX_glu__L_e,1000
EX_glypro_e,651.545920974835
EX_h_e,544.768666694554
EX_met__L_e,-0.01
EX_o2_e,-0.3066
EX_pi_e,1000
EX_ser__L_e,-418.225765911676
EX_succ_e,1000
EX_thymd_e,-9.54288084851421
EX_urea_e,249.581071183969
EX_uri_e,823.629514446585
FBA,200.101132485754
FBA2,0
FBP,0
FEROc,-0
FMNAT,0
FTHFCL,-0
G3PD1ir,-1000
G6PDH2r,-1000
GALUi,1000
GALt2_2,-1000
GAPD,1000
GF6PTA,19.4634778399363
GHMT2r,-217.072325458485
GLNS,0
GLYPROPRO1c,-651.545920974835
GMAND,0
GRTT,0
GTPCI,0
HCO3E,-199.861234914522
H2Ot,1000
HEX1,0
HMBS,-0
INSt2,-1000
L_LACt2r,-0
MAN1PT2,0
MAN6PI,0
MTHFC,-3.9810610363421e-23
MTHFD,-1000
NADK,0
NAt3_1,-1000
NDPK1,-1000
NDPK5,-1000
NDPK6,-1000
NDPK9,-1000
NNATr,0
NTD1,0
O2t,0.3066
PGI,-1000
PGK,-1000
PGL,799.393205085478
PGM,-1000
PGMT,1000
PIt2r,-1000
PMANM,0
PNP,0
PNTK,-0
PPCDC,-0
PPM,1000
PPNCL3,0
PROt2r,-1000
PRPPS,0
PSP_L,-0
PTPATi,0
PUNP1,-176.370485553415
PUNP2,176.370485553415
PUNP3,1000
PUNP4,-33.5433245928026
PUNP5,0
PUNP6,-32.324814152532
PUNP7,0
RNDR1,65.2882925242899
RNDR2,0
RNDR3,0
RNDR4,1000
RPI,400.202264971507
SPMS,0
TALA,599.797735028493
THMDt2,-990.457119151486
THRS,-0
TKT1,599.797735028493
TKT2,599.797735028493
TMDK1,0
TMDPK,0
TPI,-799.898867514246
UAG4Ei,0
UAGDP,0
UDPG4E,487.253317965235
UMPK,-993.117112445828
UPP3S,-0
UPPDC1,-0
UREAt,-1000
URIDK2r,-917.953531031856
URIt2,-1000
r0082,0
ASNN,0
r0220_1,0
r0318,0
DADK,-410.313977805026
r0398,0
r0422,0
PPM2,1000
PPNCL2,0
GLYt2r,368.956438384449
EX_ala__L_e,631.043561615551
ALAt2r,1000
EX_phe__L_e,-0.01
NTD2,0
NTD4,0
NTD5,0
NTD6,55.6783468955401
NTD7,723.944511569819
NTD8,0
NTD9,0
NTD10,-0
NTD11,0
GUAt,-966.456675407197
ADPRDP,-0
EX_nh4_e,1000
NH4t,1000
ALCD1,-1000
RBK,-0
ADNK1,0
GCALDD,-0
GLYCK,0
ABUTD,0
ACYP,0
AGDC,7.95528767136541e-14
ALDD2x,0
AMANK,0
ARGSL,-0
CITL,0
CYTK1,-1000
CYTK2,79.2596327488428
DRBK,-0
EX_acgam_e,476.30513759023
EX_fol_e,217.072325458485
EX_glcur_e,230.85533291025
EX_hxan_e,-32.324814152532
EX_spmd_e,1000
EX_ura_e,1000
G6PDA,19.4634778399363
GLXO1,0
GLYOX,-0
GND,0
HEX7,0
HYXNt,32.324814152532
IMACTD,-0
LCADi,0
LDH_D,-1000
MALT,46.5886256395241
MDH,0
NT5C,0
NTD3,0
PFK,0
PIt7,-1000
PRFGS,-0
PYK,22.35268224
THRD_L,0
XYLt,0
GLYALDDr,0
MTHFR2,-217.072325458485
ARGORNt7,-1000
EX_4hbz_e,-0
PYRt2,-0
ACGAM2E,0.745559999998644
DCMPDA,38.9602635268268
FTHFLi,0
EX_etoh_e,-1000
ETOHt,1000
THMt3,0
AACOAT,-0
GLNt4,0
MTHFD2i,1000
EX_gua_e,966.456675407197
AHCi,0
EX_4abut_e,-0
ABUTt2r,1000
PHPYRte,0
VANILPYRc,1000
VANILLACc,1000
VANILLACte,1000
EX_vanillac_e,1000
2M3OVCOAm,0
3H3MGLTc,17.2834128483725
3H3MGLTte,17.2834128483725
EX_3h3mglt_e,17.2834128483725
PPIOGLYc,0
PPIOGLYtm,-0
PPIOGLYte,-0
EX_ppiogly_e,-0
TIGGLYc,-0
3OHGLUTACOAT3t,-0
HEXGLYc,0
SUBGLYc,-0
4OHBUTm,287.199263151705
4OHBUTtmc,287.199263151705
4OHBUTtce,287.199263151705
EX_4ohbut_e,287.199263151705
AK2LGCHOLABCt,0
CE2510ABCt,0
CE2537ABCt,0
NRVNCABCt,0
PAFABCt,0
PCHLN225_HSABCt,0
PCHOL2LINL_HSABCt,0
PCHOL2OLE_HSABCt,0
PCHOL2STE_HSABCt,0
PCHOLAR_HSABCt,0
PCHOLDOC_HSABCt,0
PCHOLEIC_HSABCt,0
PCHOLET_HSABCt,0
PCHOLHEP_HSABCt,0
PCHOLLINL_HSABCt,0
PCHOLMYR_HsABCt,0
PCHOLN15_HSABCt,0
PCHOLN183_HSABCt,0
PCHOLN1836_HSABCt,0
PCHOLN19_HSABCt,0
PCHOLN201_HSABCt,0
PCHOLN203_HSABCt,0
PCHOLN204_HSABCt,0
PCHOLN205_HSABCt,0
PCHOLN224_HSABCt,0
PCHOLN225_HSABCt,0
PCHOLN2254_HSABCt,0
PCHOLN264_HSABCt,0
PCHOLOLE_HSABCt,0
PCHOLPALME_HSABCt,0
PCHOLSTE_HSABCt,0
PE12_HSABCt,-0
Pe13_HSABCt,-0
PE14_HSABCt,0
PE15_HSABCt,-0
PE161_HSABCt,-0
PE17_HSABCt,0
PE203_HSABCt,0
PE226_HSABCt,-0
PE2LINL_HSABCt,0
PEAR_HSABCt,-0
PEDH203_HSABCt,-0
PELINL_HSABCt,-0
PELPALM_HSABCt,-0
PEOLE_HSABCt,-0
PEPALM_HSASBCt,0
PESTE_HSABCt,0
DIGALSGALSIDEATPte,-0
SPHMYLN_HsATPte,0
SPHMYLN180241_hs_ATPt,0
SPHMYLN18114_hs_ATPt,0
SPHMYLN18115_hs_ATPt,0
SPHMYLN18116_hs_ATPt,0
SPHMYLN181161_hs_ATPt,0
SPHMYLN18117_hs_ATPt,0
SPHMYLN18118_hs_ATPt,0
SPHMYLN181181_hs_ATPt,0
SPHMYLN18120_hs_ATPt,0
SPHMYLN181201_hs_ATPt,0
SPHMYLN18121_hs_ATPt,0
SPHMYLN18122_hs_ATPt,0
SPHMYLN181221_hs_ATPt,0
SPHMYLN18123_hs_ATPt,0
SPHMYLN1824_hs_ATPt,0
SPHMYLN1825_hs_ATPt,0
2HYDOGOAT3t,-0
GLUTAROAT3t,-0
THEXDDm,-0
THEXDDtm,-0
HEXDTRm,-0
HEXDTRtm,-0
HPDECEm,-0
HPDECEtm,-0
EIC21114TRc,-0
5EIPENCm,-0
5EIPENCtm,-0
T4HCINNMte,0
AGRMte,-0
ANDRSTNDNte,0
EANDRSTRNte,-0
AHANDROSTANte,-0
ANDRSTANDRte,0
CE2209te,-0
C05301te,-0
C05299te,-0
C05302te,-0
CE5072te,-0
11DOCRTSLte,0
11DOCRTSTRNte,0
PRGNLONEte,0
CE2211te,-0
17AHPRGSTRNte,0
17AHPRGNLONEte,0
C03681te,-0
PRGNLONESte,-0
CE1352te,-0
C05769te,0
CE2006te,-0
GLCRt1,0
CE4890te2,1000
C09642te,423.008998250637
PPP9ABCte,-0
TYMte2,-1000
TRYPTAte,-0
CE4890te,-423.008998250636
SELMETHte,-0
CE7090te,0
CE7085te,-0
CE7096te,-0
CE4877te,-0
CE1447te,-0
C05769te3,0
C05770te4,0
C05770te,-1.4940912377996e-22
MLTHFte3,0
CE2705t,0
SPHS1Pt2e,0
MMAte,-0
TYMte,1000
13DAMPPte,-1000
HDD2CRNte2,-0
MLTHFte1,0
ARGN1ASPMDte,-0
CE1918te,0
34DHPHAte,0
34DHOXMANDte,0
CE6205te,-0
1A25DHVITD3te,0
AGMt_m,0
T4HCINNMtm,0
EX_T4hcinnm_e,-0
4HBZtm,-0
SUCSALtm,-287.199263151705
SUCSALte,-287.199263151705
EX_sucsal_e,-287.199263151705
CE5643te,-1000
EX_CE5643_e,-1000
CE1401te,1000
EX_CE1401_e,1000
EX_CE4890_e,576.991001749363
EX_C09642_e,423.008998250637
EX_13dampp_e,-1000
12PPDRte,1.38780775332233e-14
EX_12ppd__R_e,1.38780775332233e-14
GLCNte,1000
SPHGNSte,487.253317965235
EX_sphings_e,487.253317965235
FDPte,-0.505662428768123
EX_fdp_e,-0.505662428768123
UDPG4DOPA,0
UDPG3DOPA,0
DOPA4GLCURt,0
DOPA3GLCURt,0
CE5026t,-0
GGTe_1,-0
DOPAOQNOX,0
DOPACCL,576.991001749363
NADPQNOXR,0
NADQNOXR,0
DACGST,0
CE5025t,-0
ACER11r,-0
ACER12r,0
ACER21g,0
ACER22g,0
ACER23g,0
ACER31r,0
CRMte,500
DES21,0
GBA2e,-0
GM1tl,0
HEXA1l,0
HEXA2l,0
HEXA3e,0
HEXAHBl,0
NEU21,-0
NEU22,-0
NEU23,-0
NEU24,0
NEU25,0
NEU31e,0
NEU32e,-0
NEU33e,-0
NEU34e,-0
NEU35e,-0
NEU36e,-0
NEU37e,0
NEU38n,0
NEU39e,0
SMS1S2,-0
NH4tr,-1000
UDPGALt2n,487.253317965235
DM_no2_c,1000
DM_6hddopaqn_c,-0
GALSIDEtn,-487.253317965235
CERT1tn,487.253317965235
CATr,500
EX_gm1_hs_e,-0
HMR_0002,-0
HMR_0003,-0
HMR_0008,-0
BUTt,-0
HMR_0156,-0
HMR_0164,-0
HMR_0165,-0
HMR_0167,-0
HMR_0168,-0
HMR_0170,-0
HMR_0171,-0
HMR_0176,-0
HMR_0177,-0
HMR_0180,0
HMR_0183,-0
HMR_0184,-0
HMR_0188,0
FACOAE120,0
HMR_0191,0
HMR_0192,0
HMR_0193,0
HMR_0194,0
FACOAE140,0
HMR_0200,0
HMR_0201,0
HMR_0203,0
HMR_0204,0
HMR_0206,0
HMR_0207,0
HMR_0208,0
HMR_0209,0
HMR_0210,0
HMR_0211,0
HMR_0214,0
HMR_0215,0
FACOAE161,0
HMR_0232,0
HMR_0233,0
HMR_0234,0
HMR_0235,0
HMR_0238,0
HMR_0239,0
HMR_0240,0
HMR_0241,0
HMR_0242,0
HMR_0243,0
HMR_0244,0
HMR_0245,0
HMR_0246,0
HMR_0247,0
HMR_0253,0
HMR_0254,0
HMR_0255,0
HMR_0256,0
HMR_0257,0
FACOAL1812,0
HMR_0260,0
HMR_0261,0
HMR_0267,0
HMR_0268,0
HMR_0270,0
HMR_0271,0
HMR_0272,-0
HMR_0273,0
HMR_0276,0
HMR_0277,0
HMR_0278,0
HMR_0279,0
HMR_0280,0
HMR_0281,0
HMR_0287,0
HMR_0288,0
HMR_0289,0
HMR_0290,0
HMR_0291,0
HMR_0292,0
HMR_0293,-0
HMR_0296,0
HMR_0297,0
HMR_0298,0
HMR_0299,0
HMR_0300,0
HMR_0301,0
HMR_0302,0
HMR_0303,0
HMR_0304,0
HMR_0305,0
HMR_0306,0
HMR_0307,0
HMR_0308,0
HMR_0309,0
HMR_0310,0
HMR_0311,0
HMR_0317,0
HMR_0319,0
HMR_0321,0
HMR_0322,0
HMR_0323,0
HMR_0324,0
HMR_0325,0
HMR_0326,0
HMR_0327,0
HMR_0328,0
HMR_0329,0
ACChex,-0
HMR_0343,0
HMR_0344,0
HMR_0345,0
HMR_0346,0
HMR_0347,0
FACOAE1839Z12Z15Z,0
HMR_0354,0
HMR_0358,0
HMR_0359,0
HMR_0362,0
HMR_0363,0
HMR_0366,0
HMR_0367,0
HMR_0370,0
HMR_0371,0
HMR_0374,-0
HMR_0375,0
HMR_0378,-0
HMR_0380,0
HMR_0381,0
HMR_0382,0
HMR_0383,0
HMR_0384,0
HMR_0385,0
HMR_0386,0
HMR_0387,0
HMR_0388,0
HMR_0389,0
HMR_0390,0
HMR_0391,0
HMR_0392,0
HMR_0393,0
HMR_0394,0
HMR_0395,0
FACOAE1829Z12Z,0
FACOAE1836Z9Z12Z,0
HMR_0406,0
HMR_0410,0
HMR_0414,0
HMR_0415,0
HMR_0418,0
HMR_0419,0
HMR_0422,0
HMR_0423,0
HMR_0426,0
HMR_0427,0
HMR_0428,0
HMR_0429,0
HMR_0430,0
HMR_0431,0
HMR_0432,0
HMR_0433,0
HMR_0434,0
HMR_0435,0
HMR_0436,0
HMR_0437,0
HMR_0438,0
HMR_0439,0
G3PD2,-1000
HMR_0582,-0
HMR_0593,-0
HMR_0597,0
HMR_0598,0
HMR_0601,-0
HMR_0614,0
HMR_0625,0
HMR_0629,0
HMR_0641,-0
HMR_0642,0
HMR_0653,0
HMR_0654,0
HMR_0657,0
HMR_0672,-0
HMR_0750,-0
HMR_0753,0
HMR_0758,0
HMR_0765,-0
HMR_0767,0
SBPP3,0
HMR_0783,-0
HMR_0793,487.253317965235
HMR_0795,0
HMR_0805,0
HMR_0806,0
HMR_0807,0
HMR_0808,0
HMR_0811,-0
HMR_0812,0
HMR_0816,0
HMR_0817,0
HMR_0819,0
HMR_0821,0
HMR_0822,0
HMR_0823,0
HMR_0825,0
HMR_0828,0
HMR_0829,0
HMR_0830,0
HMR_0831,-0
HMR_0835,-0
HMR_0836,0
HMR_0837,0
HMR_0839,0
HMR_0843,-0
HMR_0844,0
HMR_0846,0
HMR_0847,-0
HMR_0849,0
HMR_0855,0
HMR_0859,0
HMR_0860,0
HMR_0875,0
HMR_0878,0
HMR_0889,0
HMR_0890,0
HMR_0906,0
HMR_0911,0
HMR_0942,0
HMR_0946,0
HMR_0950,0
HMR_0954,0
HMR_0960,0
HMR_0963,0
HMR_0981,0
HMR_0985,-0
HMR_0986,0
HMR_0987,0
HMR_1030,0
HMR_1033,0
HMR_1037,0
HMR_1039,-0
HMR_1077,-0
HMR_1081,3.14996800598433e-27
HMR_1084,0
HMR_1085,-0
HMR_1095,402.244335226685
HMR_1102,0
HMR_1126,0
HMR_1127,0
HMR_1129,0
HMR_1280,0
HMR_1305,0
HMR_1307,0
PGESc,-3.14996800598433e-27
HMR_1321,-1000
HMR_1325,-0
HMR_1329,-0
HMR_1388,0
HMR_1390,0
HMR_1392,0
HMR_1490,-0
HMR_1493,-0
HMR_1494,-0
HMR_1495,0
C3STDH1,0
HMR_1502,-0
HMR_1503,-0
HMR_1504,-0
HMR_1505,-0
HMR_1532,-0
HMR_1540,-0
HMR_1543,-0
HMR_1544,-0
HMR_1545,-0
HMR_1546,-0
HMR_1548,-0
HMR_1549,-0
HMR_1550,-0
HMR_1551,-0
HMR_1620,0
HMR_1627,0
HMR_1651,-0
HMR_1665,0
HMR_1666,0
HMR_1681,-0
HMR_1685,0
HMR_1706,-0
HMR_1737,0
HMR_1740,-0
HMR_1741,-0
HMR_1746,-0
HMR_1747,-0
HMR_1748,-0
HMR_1749,-0
HMR_1750,-0
HMR_1751,-0
HMR_1754,-0
HMR_1756,-0
HMR_1762,0
HMR_1768,-0
HMR_1769,-0
HMR_1783,-0
HMR_1807,0
HMR_1838,0
HMR_1897,0
HMR_1916,0
HMR_1927,0
HMR_1941,0
HMR_1944,0
HMR_1949,0
HMR_1958,0
HMR_1962,0
HMR_1967,0
HMR_1968,0
HMR_1970,0
HMR_1971,0
HMR_1976,0
HMR_1979,0
HMR_1980,0
HMR_1981,0
HMR_1982,0
HMR_1983,0
HMR_1988,0
HMR_1991,-0
HMR_1996,-0
HMR_2014,0
HMR_2016,0
HMR_2018,0
HMR_2029,-0
HMR_2041,1000
HMR_2088,0
HMR_2089,0
HMR_2190,0
HMR_2193,-0
HMR_2210,-0
HMR_2211,0
HMR_2215,0
HMR_2217,-0
HMR_2218,-0
HMR_2219,0
HMR_2259,0
HMR_2260,-0
HMR_2261,-0
HMR_2262,-0
HMR_2263,0
HMR_2264,-0
HMR_2265,-0
HMR_2266,-0
HMR_2267,0
HMR_2268,-0
HMR_2269,-0
HMR_2270,-0
DESAT18,0.1
HMR_2332,0
HMR_2334,-0
HMR_2336,-0
HMR_2338,-0
HMR_2342,0
HMR_2343,-0
HMR_2344,-0
HMR_2345,-0
HMR_2347,0
HMR_2348,-0
HMR_2349,-0
HMR_2350,-0
HMR_2353,0
HMR_2354,-0
HMR_2355,-0
HMR_2356,-0
HMR_2359,0
HMR_2361,0
HMR_2362,-0
HMR_2363,-0
HMR_2364,-0
HMR_2365,0
HMR_2368,0
HMR_2380,0
HMR_2395,0
HMR_2433,0
HMR_2434,-0
HMR_2435,-0
HMR_2436,-0
HMR_2440,0
HMR_2457,0
HMR_2472,0
HMR_2484,0
HMR_2530,0
HMR_2533,-0
HMR_2535,-0
HMR_2537,-0
HMR_2540,0
HMR_2541,-0
HMR_2542,-0
HMR_2543,-0
HMR_2581,0
HMR_2585,0
HMR_2602,-0
HMR_2603,-0
HMR_2608,-0
HMR_2609,-0
HMR_2611,0
CARN140t_m,-1000
HMR_2620,0
HMR_2621,-0
HMR_2624,-1000
HMR_2633,0
HMR_2634,-1000
HMR_2644,-1000
HMR_2648,0
HMR_2649,-0
HMR_2651,0
HMR_2652,-0
CARN180t_m,-1000
HMR_2657,0
VACCCPT1,0
HMR_2661,-0
HMR_2666,0
HMR_2667,-1000
HMR_2669,0
HMR_2670,-0
HMR_2673,-1000
HMR_2675,-0
HMR_2676,-0
HMR_2679,-1000
HMR_2681,0
HMR_2682,-0
HMR_2684,-0
HMR_2685,0
HMR_2687,0
HMR_2688,-0
HMR_2690,0
HMR_2691,0
HMR_2693,0
HMR_2695,0
HMR_2699,-0
HMR_2700,-0
HMR_2702,0
HMR_2703,-0
HMR_2705,-0
HMR_2706,0
HMR_2708,0
HMR_2709,-0
HMR_2711,-0
HMR_2712,-0
HMR_2715,-1000
HMR_2718,-1000
HMR_2722,-1000
HMR_2727,-1000
HMR_2731,-0
HMR_2733,0
HMR_2734,0
HMR_2736,0
HMR_2737,0
HMR_2739,0
HMR_2740,0
CARN1829Z12Zt_m,-1000
CARN1836Z9Z12Zt_m,-1000
HMR_2753,-1000
HMR_2757,-1000
HMR_2760,-1000
HMR_2764,-1000
HMR_2768,0
HMR_2769,-0
HMR_2771,0
HMR_2772,0
HMR_2774,0
HMR_2775,0
HMR_2817,-0
HMR_2821,-0
HMR_2851,0
HMR_2857,-0
HMR_2861,0
HMR_2865,0
HMR_2884,-0
HMR_2888,0
HMR_2942,0
HMR_2943,0
HMR_2944,0
HMR_2945,0
HMR_2946,0
HMR_2947,0
HMR_2948,0
HMR_2951,0
HMR_2954,0
HMR_2955,0
HMR_2956,0
HMR_2961,0
HMR_2962,0
HMR_2963,0
HMR_2964,0
HMR_2965,0
HMR_2966,0
HMR_2967,0
HMR_2968,0
HMR_2969,0
HMR_2970,0
HMR_2971,0
HMR_2972,0
HMR_2973,0
HMR_2974,0
HMR_2975,0
HMR_2976,0
HMR_2977,0
HMR_2978,0
HMR_2979,0
HMR_2980,0
HMR_2982,0
HMR_2983,0
HMR_2985,0
HMR_2986,0
HMR_2988,0
HMR_2989,0
HMR_2990,0
HMR_2994,0
HMR_2998,0
HMR_2999,0
HMR_3001,0
HMR_3002,0
HMR_3003,0
HMR_3018,0
HMR_3021,0
HMR_3023,0
HMR_3059,0
HMR_3064,-0
HMR_3068,-0
HMR_3072,-0
HMR_3076,0
HMR_3096,-0
HMR_3100,-0
HMR_3106,-2.23113960000008
HMR_3107,-0
HMR_3109,-0
HMR_3111,0
HMR_3113,-0
HMR_3115,0
HMR_3117,-0
ACOADH160_m,0
HMR_3128,0
ACOADH120_m,0
ACOADH100_m,0
HMR_3149,0
ACOADH60_m,0
HMR_3170,-0
HMR_3172,-0
HMR_3174,-0
HMR_3176,-0
HMR_3178,0
HMR_3180,-0
HMR_3182,0
HMR_3184,-0
HMR_3186,-0
HMR_3188,-0
HMR_3190,-0
HMR_3192,-0
HMR_3194,-0
HMR_3196,-0
HMR_3198,-0
HMR_3200,-0
HMR_3202,-0
HMR_3204,-0
HMR_3218,-0
HMR_3220,-0
HMR_3222,-0
HMR_3224,-0
HMR_3230,-0
HMR_3232,-0
HMR_3234,-0
HMR_3236,-0
HMR_3240,-0
HMR_3242,-0
HMR_3244,-0
HMR_3246,-0
HMR_3296,-0
HMR_3322,0
HMR_3328,-0
HMR_3332,-0
HMR_3336,-0
HMR_3340,-0
HMR_3344,-0
HMR_3348,-0
HMR_3352,-0
HMR_3398,-0
HMR_3406,-0
HMR_3407,-0
HMR_3408,-0
HMR_3409,0
HMR_3411,-0
HMR_3413,-0
HMR_3414,-0
HMR_3416,-0
HMR_3421,0
HMR_3422,0
HMR_3423,-0
HMR_3424,-0
HMR_3425,-0
HMR_3426,0
HMR_3427,0
HMR_3428,0
HMR_3429,-0
HMR_3431,-0
HMR_3432,-0
HMR_3433,-0
HMR_3446,-0
HMR_3447,-0
HMR_3448,0
HMR_3450,-0
HMR_3452,0
HMR_3454,-0
HMR_3456,0
HMR_3457,0
HMR_3522,0
HMR_3625,0
HMR_3626,0
HMR_3627,0
HMR_3628,0
HMR_3629,0
HMR_3630,0
HMR_3631,0
HMR_3633,0
HMR_3635,0
HMR_3636,0
HMR_3637,0
HMR_3639,0
HMR_3640,0
HMR_3642,0
HMR_3644,0
HMR_3645,0
HMR_3646,0
HMR_3647,0
HMR_3648,0
HMR_3649,0
HMR_3650,0
HMR_3651,0
HMR_3652,0
HMR_3653,0
HMR_3654,0
HMR_3655,0
HMR_3656,0
HMR_3657,0
HMR_3658,0
HMR_3659,0
HMR_3660,0
HMR_3662,0
HMR_3663,0
HMR_3664,0
HMR_3665,0
HMR_3666,0
HMR_3667,0
HMR_3668,0
HMR_3669,0
HMR_3670,0
HMR_3675,0
HMR_3677,0
HMR_3678,0
HMR_3679,0
HMR_3680,0
HMR_3681,0
HMR_3682,0
HMR_3684,0
HMR_3685,0
HMR_3686,0
HMR_3687,0
HMR_3688,0
HMR_3689,0
HMR_3690,0
HMR_3692,0
HMR_3694,0
HMR_3695,0
HMR_3696,0
HMR_3698,0
HMR_3699,0
HMR_3701,0
HMR_3703,0
HMR_3704,0
HMR_3705,0
HMR_3706,0
HMR_3707,0
HMR_3708,0
HMR_3709,0
HMR_3710,0
HMR_3711,0
HMR_3712,0
HMR_3713,0
HMR_3714,0
HMR_3715,0
HMR_3716,0
HMR_3717,0
HMR_3718,0
HMR_3719,0
HMR_3721,0
HMR_3722,0
HMR_3723,0
HMR_3724,0
HMR_3725,0
HMR_3726,0
HMR_3727,0
HMR_3728,0
HMR_3729,0
HMR_3734,0
HMR_3736,0
HMR_3737,0
HMR_3738,0
HMR_3739,0
HMR_3740,0
HMR_3741,0
HMR_3855,971.656332910248
HMR_3859,0
HMR_3864,0
HMR_3951,-6.07721700489648e-13
HMR_3953,-1000
HMR_3966,0
HMR_4079,0
CYTDK2,0
HMR_4266,900.314997123233
NADPPPS,0
XYLR,0
HMR_4701,-0
HMR_4756,0
PPPGO2_1,-0
BILIRED2,0
PROAKGOX1,0
HMR_4777,-0
SUCCt4_3,0
HMR_5387,-0
HMR_5389,0
METOX,0
FE2utm,0
CITt4_3,1000
HMR_6359,0
HMR_6362,0
HMR_6363,0
HMR_6364,0
HMR_6365,0
HMR_6385,-0
HMR_6397,-0
HMR_6456,1000
FADRx2,0
CLOHtex2,500
CLHCOtex,1000
HMR_6545,0
HMR_6549,0
HMR_6550,0
HMR_6558,0
MITKP,0
ITKPK,0
MI3PS,0
HMR_6583,0
HMR_6584,0
HMR_6595,0
HMR_6607,-500
HMR_6617,889.49765319192
HMR_6619,-889.49765319192
HMR_6632,0
HMR_6633,0
HMR_6747,-0
HMR_6755,0
TYROX,0
4HALDD,1000
HMR_6826,0
HMR_6834,-0
HMR_6854,0
HMR_6907,-0
HMR_6908,0
HMR_6910,0
HMR_6975,-0
HMR_6976,-0
HMR_6977,-0
HMR_6978,0
HMR_7256,0
HMR_7278,0
HMR_7469,0
HMR_7628,0
PMI12346PS,0
SO4t4_3,0
GLYCTO1,824.340933333332
HMR_7755,0
HMR_7757,-0
HMR_7758,0
HMR_7898,-1000
HMR_8287,-0
HMR_8374,-0.248519999999548
HMR_8397,-0
HMR_8399,-0
DCYTtm,-954.156848919001
HMR_8476,889.49765319192
HMR_8510,0
HMR_8570,-0
HMR_8571,-0
HMR_8572,-0
HMR_8573,-0
HMR_8574,-0
HMR_8575,-0
HMR_8576,-0
HMR_8577,-0
HMR_8578,-0
HMR_8579,0
HMR_8580,-0
HMR_8582,0
HMR_8585,0
HMR_8643,0
CLFORtex2,0
HMR_8761,0
HMR_8762,0
GALt4_2,0
GLCt4_2,419.569430755717
HMR_9176,-0
HMR_9188,-1000
HMR_9191,1000
HMR_9561,0
HMR_9582,0
HMR_9583,0
HMR_9584,0
SO4t_e,-1000
HMR_9593,0
HMR_9610,-1.48307020256422e-13
HMR_9613,0
HMR_9619,0
HMR_9623,0
HMR_9624,0
HMR_9634,-333.333333333333
HMR_9638,-1000
HMR_9639,249.581071183969
HMR_9719,0
HMR_9804,-0
HMR_9807,0
HMR_2957,0
HMR_6580,0
C14STR,-0
HMR_0980,-0
HMR_4816,0
HMR_1644,-0
HMR_4772,0
EX_glc__D_e,-0.2718
12DHCHOLabc,0
12DHCHOLt,0
12DHCHOLt2,0
3DHCAS,0
3DHCDCAS,0
3DHCDCHOLabc,0
3DHCDCHOLt,0
3DHCDCHOLt2,0
3DHCHOLabc,0
3DHCHOLt,0
3DHCHOLt2,0
3DHDCAabc,0
3DHDCAS,0
3DHDCAt,0
3DHDCAt2,0
3DHLCAabc,0
3DHLCAS,0
3DHLCAt,0
3DHLCAt2,0
7DHCDCHOLabc,0
7DHCDCHOLt,0
7DHCDCHOLt2,0
7DHCHOLabc,0
7DHCHOLt,0
7DHCHOLt2,0
CA24GSc,0
CA24GSr,0
CA24Gte,0
CA3Sabc,0
CA3St,0
CASULT,0
CDCA24GSc,0
CDCA24GSr,0
CDCA24Gte,0
CDCA3GSc,0
CDCA3GSr,0
CDCA3Gte,0
HC02220t,0
CDCA6AH,0
COPROSTabc,0
COPROSTt,0
COPROSTt2,0
DCA24GSc,0
DCA24GSr,0
DCA24Gte,0
DCA3GSc,0
DCA3GSr,0
DCA3Gte,0
DCA3Sabc,0
DCA3St,0
DCASULT,0
DM_hdca24g_c,1000
GCA3Sabc,0
GCA3St,0
GCASULT,0
GCDCA3Sabc,0
GCDCA3St,0
GCDCASULT,0
GDCA3Sabc,0
GDCA3St,0
GDCASULT,0
GUDCA3Sabc,0
GUDCA3St,0
GUDCASULT,0
HCA24GSc,0
HCA24GSr,0
HCA24Gte,0
HCA6Gte,-0
HDCA24GSc,1000
HDCA24GSr,0
HDCA24Gte,0
HDCA6GSc,0
HDCA6GSr,0
HDCA6Gte,0
HYOCHOLabc,0
HYOCHOLt,0
HYOCHOLt2,0
ICDCHOLabc,0
ICDCHOLt,0
ICDCHOLt2,0
ISOCHOLabc,0
ISOCHOLt,-1000
ISOCHOLt2,1000
LCA24GSc,0
LCA24GSr,0
LCA24Gte,0
LCA3GSc,0
LCA3GSr,0
LCA3Gte,0
LCA3Sabc,0
LCA3St,0
LCASULT,0
TCA3Sabc,0
TCA3St,0
TCASULT,0
TCDCA3Sabc,0
TCDCA3St,0
TCDCA6AH,0
TCDCASULT,0
TDCA3Sabc,0
TDCA3St,0
TDCASULT,0
THYOCHOLabc,0
THYOCHOLt,-1000
THYOCHOLt2,1000
TUDCA3Sabc,0
TUDCA3St,0
TUDCASULT,0
UCHOLabc,0
UCHOLt,-1000
UCHOLt2,1000
UDCA3Sabc,0
UDCA3St,0
UDCASULT,0
UDCHOLt,-830.425569244282
UDCHOLt2,830.425569244282
12HTACRhr,-0
14HMDZALThr,0
14HMDZhr,0
1HMDGLUChr,0
1OHMDZhr,0
2HATVACIDGLUChr,0
2HATVACIDGLUCteb,-0
2HATVACIDOXDhc,0
2HATVACIDhc,0
2HATVACIDteb,-0
2HATVLACGLUChr,0
2HATVLACGLUCteb,-0
2HATVLACOXDhc,0
2HATVLACteb,0
35DHPVShc,0
35DSMVhep,0
3HLVSTAChep,-0
3HPVSTETCOAhcm,-0
3HPVSTETCOAhcx,0
3HPVSTETteb,-0
3HPVShc,0
3HPVSteb,-0
3HSMVACIDhep,-0
3HSMVhep,-0
3ISPVSteb,-0
3OHACMPhr,-0
4HATVACIDOXDhc,-0
4HATVACIDhc,0
4HATVACIDteb,-0
4HATVLACOXDhc,-0
4HATVLACteb,0
4HMDZGLUChr,0
4OHMDZhr,0
56DHPVShc,-0
56DHPVSteb,-0
56EPPVShc,0
56EPPVSteb,-0
5OHFVShc,0
6BHGLZhr,0
6CSMVACIDhep,-0
6CSMVhep,0
6EPSteb,-0
6HLVSTAChep,-0
6HMSMVACIDhep,-0
6HMSMVhep,0
6HSMVACIDhep,-0
6HSMVhep,0
6MELACAChep,-0
6MELVACtbc,-0
6MSMVhep,0
6OHFVShc,-0
7BHGLZhr,0
7HPVShc,0
7HPVSteb,-0
ALLOP2tu,0
ACMPtu,0
ACMPGLUChr,0
ACMPGLUTtep,0
ACMPGLUTthc,0
ACMPGLUtep,0
ACMPGLUthc,0
ACMPthc,0
ALLOP1tu,0
ALLOPtepvb,0
AM19CSALThr,0
AM1CSAhr,0
AM9CSAhr,0
ATVACIDhc,0
ATVACIDtu,0
ATVACYLGLUChc,0
ATVETHGLUChc,0
ATVLACGLCURhc,0
ATVLACtu,-0
CRVS1M24hc,-0
CRVS23M24hc,0
CRVSATPtu,0
CRVSM1hc,0
CRVSM1hr,0
CRVSM1teb,-0
CRVSM23hc,0
CRVSM23hr,0
CRVSM23teb,-0
CRVSM24teb,-0
CSAtu,-0
DEOXFVShc,2.23113960000008
DEOXFVStev,2.23113960000008
DESFVShc,0
DSPVShc,0
DSPVSteb,-0
EX_deoxfvs_e,2.23113960000008
EX_fvs_e,-2.23113960000008
FVStep,-2.23113960000008
GLC3MEACPhr,0
IBUP_RCYP2hep,0
IBUP_RCYP3hep,0
IBUP_RCYPCARhep,-0
IBUP_SACOT2,-0
IBUP_SCYP1hep,0
IBUP_SCYP2hep,0
IBUP_SCYP3hep,0
IBUP_SCYPCARhep,-0
IBUP_Stdhep,-1000
IBUP_Stdu,1000
ISOLVSTtbc,0
LST4EXPhr,0
LSTNtu,0
LSTNM1hr,0
LSTNM2hr,0
LSTNM5hr,0
LSTNM7hr,0
LVSTACIDhep,-0
LVSTACIDtu,-0
LVSTACOXD6Hhep,0
LVSTACOXD6MEhep,0
LVSTOXD3Hhep,0
LVSTOXD6Hhep,0
LVSTOXD6METhep,0
LVSTPGPtu,0
MDZtu,0
MERACMPtep,0
MERACMPthc,0
MHGLZhr,0
NDERSVhc,0
NDERSVteb,0
NFDACOXDhc,-0
OXYPthc,0
PROFVSCOAhc,0
PTVSTATPtu,0
PTVSTGLUChc,0
PTVSTM13hr,0
PTVSTM3eb,0
PTVSTM3hc,0
PTVSThc,-0
PVSATPtu,-0
PVSGLUCteb,0
RSVATPtu,0
RSVLACteb,0
RSVSPONhc,0
SMVACIDATPteb,0
SMVACIDhep,0
SMVtu,0
SMVHYDROhep,0
SULPACMPtev,-0
TACRtu,0
TMDM1hr,-0
TMDM5hr,-0
TMDOATthc,-0
TRIPVShc,0
TRIPVSteb,0
DEOXFVSitx,-2.23113960000008
FVSitx,2.23113960000008
H2O2ter,1000
EX_M02155_e,-1000
EX_M02837_e,-0
SK_his__L_c,-92.1455501136112
SK_ile__L_c,-208.540850002386
SK_leu__L_c,-397.682483356644
SK_lys__L_c,-431.630383525867
SK_met__L_c,-111.53476676174
SK_phe__L_c,-189.131633354257
SK_thr__L_c,-227.940066650516
SK_trp__L_c,-9.6996083240646
SK_val__L_c,-257.038162657707
SK_ala__L_c,-1000
SK_arg__L_c,-261.887966819739
SK_asn__L_c,-203.691045840354
SK_asp__L_c,-257.038162657707
SK_gln__L_c,-257.103152814516
SK_glu__L_c,-1000
SK_pro__L_c,-952.232321090832
SK_tyr__L_c,-116.394570923773
SK_gly_c,-1000
SK_4abut_l,-0
DM_CE4888_c,576.991001749363
DCMPtm,-954.156848919001
PROTEIN_BS,0
DM_protein_c,-0
CYOR_u10mi,833.333333333333
Htmi,1000
CYOOm2i,416.666666666667
R04215,-1000
SK_cmpglna_c,-1000
SK_ficytb5_c,-0
SK_HC01115_c,1000
ATPS4mi,1000
PNTEH,0
PIK3,0
PI4P3K,0
PI5P3K,0
